Tipo,count,mean,std,min,25%,50%,75%,max
ADMIN,76994.0,13304.198963295841,9923.529504194228,177.2,8292.685,10957.33,14529.4075,147051.59
CENTRO,25117.0,12785.914564637496,8274.192376634259,245.38,8234.1,11041.57,14686.57,120970.94
FACULTAD,274527.0,16515.567720734212,11037.232652094446,177.2,8255.965,13543.89,22498.03,144501.4
HOSPITAL,105549.0,9631.383248728078,4168.207964440686,175.41,6946.2,8629.98,11622.83,85007.77
OTRO,12190.0,11413.737790812142,5779.618888933868,285.73,8113.6900000000005,10544.35,13261.795,78959.29
PREPARATORIA,141824.0,14281.078522182424,8185.434724014773,187.54,8370.3625,12471.435,18114.4575,115258.74
